148	2	דיור לזוגות צעירים במעברות	2318	וילנסקה אסתר
148	2	דיור לזוגות צעירים במעברות	2215	בר-יהודה ישראל
148	2	דיור לזוגות צעירים במעברות	2605	רוקח ישראל
148	2	דיור לזוגות צעירים במעברות	2517	עבאס אברהם
149	2	בניית דירות לזוגות צעירים במבש רת-ציון	2330	זוארץ פריג'ה
149	2	בניית דירות לזוגות צעירים במבש רת-ציון	2173	אשכול לוי
149	2	בניית דירות לזוגות צעירים במבש רת-ציון	2189	ביבי מרדכי
149	2	בניית דירות לזוגות צעירים במבש רת-ציון	2423	לוז קדיש
149	2	בניית דירות לזוגות צעירים במבש רת-ציון	2673	תלמי אמה
150	2	דיור לזוגות צעירים באור-עקיבא	2389	ישעיהו-שרעבי ישראל
150	2	דיור לזוגות צעירים באור-עקיבא	2269	דגני עמוס
150	2	דיור לזוגות צעירים באור-עקיבא	2210	בנטוב מרדכי
150	2	דיור לזוגות צעירים באור-עקיבא	2330	זוארץ פריג'ה
151	2	נפילת פעוט מבעד למעקה מרפסת בשיכון לזוגות צעירים בבאר-שבע	2516	סרלין יוסף
151	2	נפילת פעוט מבעד למעקה מרפסת בשיכון לזוגות צעירים בבאר-שבע	2189	ביבי מרדכי
151	2	נפילת פעוט מבעד למעקה מרפסת בשיכון לזוגות צעירים בבאר-שבע	2639	שיטרית בכור-שלום
151	2	נפילת פעוט מבעד למעקה מרפסת בשיכון לזוגות צעירים בבאר-שבע	2210	בנטוב מרדכי
151	2	נפילת פעוט מבעד למעקה מרפסת בשיכון לזוגות צעירים בבאר-שבע	2143	אלוני שולמית
151	2	נפילת פעוט מבעד למעקה מרפסת בשיכון לזוגות צעירים בבאר-שבע	2210	בנטוב מרדכי
151	2	נפילת פעוט מבעד למעקה מרפסת בשיכון לזוגות צעירים בבאר-שבע	2355	חסין אשר
151	2	נפילת פעוט מבעד למעקה מרפסת בשיכון לזוגות צעירים בבאר-שבע	2162	ארבלי-אלמוזלינו שושנה
152	2	פעולת שיכון לזוגות צעירים	2210	בנטוב מרדכי
152	2	פעולת שיכון לזוגות צעירים	2368	ידיד מנחם
152	2	פעולת שיכון לזוגות צעירים	2363	טובי תופיק
153	2	דיור לזוגות צעירים	2166	ארזי ראובן
153	2	דיור לזוגות צעירים	2210	בנטוב מרדכי
153	2	דיור לזוגות צעירים	2424	לוי דניאל יצחק
153	2	דיור לזוגות צעירים	2510	סנהדראי טובה
153	2	דיור לזוגות צעירים	2210	בנטוב מרדכי
153	2	דיור לזוגות צעירים	2424	לוי דניאל יצחק
153	2	דיור לזוגות צעירים	2423	לוז קדיש
154	2	סיבת העיכוב במסירת שיכונים לזוגות צעירים בקריית- מוצקין	2162	ארבלי-אלמוזלינו שושנה
154	2	סיבת העיכוב במסירת שיכונים לזוגות צעירים בקריית- מוצקין	2363	טובי תופיק
154	2	סיבת העיכוב במסירת שיכונים לזוגות צעירים בקריית- מוצקין	2210	בנטוב מרדכי
154	2	סיבת העיכוב במסירת שיכונים לזוגות צעירים בקריית- מוצקין	2424	לוי דניאל יצחק
154	2	סיבת העיכוב במסירת שיכונים לזוגות צעירים בקריית- מוצקין	2437	לין אמנון
155	2	דיור לזוגות צעירים בקריית-שמונה	2162	ארבלי-אלמוזלינו שושנה
155	2	דיור לזוגות צעירים בקריית-שמונה	2363	טובי תופיק
155	2	דיור לזוגות צעירים בקריית-שמונה	2210	בנטוב מרדכי
155	2	דיור לזוגות צעירים בקריית-שמונה	2424	לוי דניאל יצחק
155	2	דיור לזוגות צעירים בקריית-שמונה	2437	לין אמנון
155	2	דיור לזוגות צעירים בקריית-שמונה	2245	גולן יצחק
155	2	דיור לזוגות צעירים בקריית-שמונה	2368	ידיד מנחם
155	2	דיור לזוגות צעירים בקריית-שמונה	2303	הקטין רות
155	2	דיור לזוגות צעירים בקריית-שמונה	2363	טובי תופיק
155	2	דיור לזוגות צעירים בקריית-שמונה	2210	בנטוב מרדכי
155	2	דיור לזוגות צעירים בקריית-שמונה	2368	ידיד מנחם
155	2	דיור לזוגות צעירים בקריית-שמונה	2203	בן-מאיר שלמה-ישראל
155	2	דיור לזוגות צעירים בקריית-שמונה	2464	מיקוניס שמואל
156	2	דיור לזוגות צעירים באשקלון	2540	פלד נתן
156	2	דיור לזוגות צעירים באשקלון	2324	ורדיגר אברהם
156	2	דיור לזוגות צעירים באשקלון	2210	בנטוב מרדכי
156	2	דיור לזוגות צעירים באשקלון	2124	אבנרי אורי
156	2	דיור לזוגות צעירים באשקלון	2675	תמיר יוסף
157	2	דיור לזוגות צעירים בקריית-שמונה	2668	שרף זאב
157	2	דיור לזוגות צעירים בקריית-שמונה	2324	ורדיגר אברהם
157	2	דיור לזוגות צעירים בקריית-שמונה	2166	ארזי ראובן
158	2	מצוקת דיור לזוגות צעירים	2431	לורינץ שלמה
158	2	מצוקת דיור לזוגות צעירים	5955	קשת ב  צ
158	2	מצוקת דיור לזוגות צעירים	2572	צימרמן צבי
158	2	מצוקת דיור לזוגות צעירים	2324	ורדיגר אברהם
158	2	מצוקת דיור לזוגות צעירים	2572	צימרמן צבי
158	2	מצוקת דיור לזוגות צעירים	2668	שרף זאב
158	2	מצוקת דיור לזוגות צעירים	2324	ורדיגר אברהם
158	2	מצוקת דיור לזוגות צעירים	2572	צימרמן צבי
158	2	מצוקת דיור לזוגות צעירים	2243	גולדשמידט יוסף
158	2	מצוקת דיור לזוגות צעירים	2324	ורדיגר אברהם
159	2	מצוקת הדיור של זוגות צעירים בקרית-שמונה והדירות הריקות שבמקום	2162	ארבלי-אלמוזלינו שושנה
159	2	מצוקת הדיור של זוגות צעירים בקרית-שמונה והדירות הריקות שבמקום	2560	פת גדעון
159	2	מצוקת הדיור של זוגות צעירים בקרית-שמונה והדירות הריקות שבמקום	2368	ידיד מנחם
159	2	מצוקת הדיור של זוגות צעירים בקרית-שמונה והדירות הריקות שבמקום	2668	שרף זאב
160	2	תנאי מסירת דירות לזוגות צעירים באזורי פיתוח	2227	ברקת ראובן
160	2	תנאי מסירת דירות לזוגות צעירים באזורי פיתוח	2166	ארזי ראובן
160	2	תנאי מסירת דירות לזוגות צעירים באזורי פיתוח	2668	שרף זאב
161	2	דיור לזוגות צעירים באשקלון	2148	אליעד נסים
161	2	דיור לזוגות צעירים באשקלון	2668	שרף זאב
161	2	דיור לזוגות צעירים באשקלון	2162	ארבלי-אלמוזלינו שושנה
161	2	דיור לזוגות צעירים באשקלון	2168	ארידור יורם
161	2	דיור לזוגות צעירים באשקלון	2324	ורדיגר אברהם
162	2	הקלות בתנאי השיכונים לזוגות צעירים	2148	אליעד נסים
162	2	הקלות בתנאי השיכונים לזוגות צעירים	2668	שרף זאב
162	2	הקלות בתנאי השיכונים לזוגות צעירים	2162	ארבלי-אלמוזלינו שושנה
162	2	הקלות בתנאי השיכונים לזוגות צעירים	2168	ארידור יורם
162	2	הקלות בתנאי השיכונים לזוגות צעירים	2324	ורדיגר אברהם
163	2	דיור לזוגות צעירים	2324	ורדיגר אברהם
163	2	דיור לזוגות צעירים	2668	שרף זאב
163	2	דיור לזוגות צעירים	2124	אבנרי אורי
163	2	דיור לזוגות צעירים	2300	המר זבולון
164	2	שיטת ההקצבות לשיכון זוגות צעירים	2431	לורינץ שלמה
164	2	שיטת ההקצבות לשיכון זוגות צעירים	2668	שרף זאב
164	2	שיטת ההקצבות לשיכון זוגות צעירים	2152	אמוראי עדיאל
164	2	שיטת ההקצבות לשיכון זוגות צעירים	2344	חביבי אמיל
164	2	שיטת ההקצבות לשיכון זוגות צעירים	2227	ברקת ראובן
164	2	שיטת ההקצבות לשיכון זוגות צעירים	2675	תמיר יוסף
164	2	שיטת ההקצבות לשיכון זוגות צעירים	2668	שרף זאב
164	2	שיטת ההקצבות לשיכון זוגות צעירים	2344	חביבי אמיל
164	2	שיטת ההקצבות לשיכון זוגות צעירים	2648	שם-טוב ויקטור
164	2	שיטת ההקצבות לשיכון זוגות צעירים	2227	ברקת ראובן
164	2	שיטת ההקצבות לשיכון זוגות צעירים	2675	תמיר יוסף
165	2	פרטים על תכנית השיכון לזוגות צעירים	2668	שרף זאב
165	2	פרטים על תכנית השיכון לזוגות צעירים	2344	חביבי אמיל
165	2	פרטים על תכנית השיכון לזוגות צעירים	2648	שם-טוב ויקטור
165	2	פרטים על תכנית השיכון לזוגות צעירים	2227	ברקת ראובן
165	2	פרטים על תכנית השיכון לזוגות צעירים	2675	תמיר יוסף
166	2	דיור לזוגות צעירים	2601	רוזן שלמה
166	2	דיור לזוגות צעירים	2668	שרף זאב
166	2	דיור לזוגות צעירים	2202	בן-מאיר יהודה
166	2	דיור לזוגות צעירים	2676	תמיר שמואל
167	2	תוספת תשלום בעד דירות בשיכון לזוגות צעירים באזור תכנית ״ל״	2601	רוזן שלמה
167	2	תוספת תשלום בעד דירות בשיכון לזוגות צעירים באזור תכנית ״ל״	2668	שרף זאב
167	2	תוספת תשלום בעד דירות בשיכון לזוגות צעירים באזור תכנית ״ל״	2202	בן-מאיר יהודה
167	2	תוספת תשלום בעד דירות בשיכון לזוגות צעירים באזור תכנית ״ל״	2676	תמיר שמואל
168	2	נתונים על הבקשות לדיור לזוגות צעירים	2202	בן-מאיר יהודה
168	2	נתונים על הבקשות לדיור לזוגות צעירים	2668	שרף זאב
168	2	נתונים על הבקשות לדיור לזוגות צעירים	2206	בן-פורת מרדכי
168	2	נתונים על הבקשות לדיור לזוגות צעירים	2206	בן-פורת מרדכי
168	2	נתונים על הבקשות לדיור לזוגות צעירים	2601	רוזן שלמה
169	2	שיכון לזוגות צעירים	2187	בורג יוסף
169	2	שיכון לזוגות צעירים	2124	אבנרי אורי
169	2	שיכון לזוגות צעירים	2668	שרף זאב
169	2	שיכון לזוגות צעירים	2202	בן-מאיר יהודה
169	2	שיכון לזוגות צעירים	2148	אליעד נסים
169	2	שיכון לזוגות צעירים	2189	ביבי מרדכי
169	2	שיכון לזוגות צעירים	2300	המר זבולון
170	2	דיור לזוגות צעירים	2187	בורג יוסף
170	2	דיור לזוגות צעירים	2124	אבנרי אורי
170	2	דיור לזוגות צעירים	2668	שרף זאב
170	2	דיור לזוגות צעירים	2202	בן-מאיר יהודה
170	2	דיור לזוגות צעירים	2148	אליעד נסים
170	2	דיור לזוגות צעירים	2189	ביבי מרדכי
170	2	דיור לזוגות צעירים	2300	המר זבולון
171	2	ידיעה בדבר תכנית מקיפה לפתרון בעיית השיכון לזוגות צעירים	2187	בורג יוסף
171	2	ידיעה בדבר תכנית מקיפה לפתרון בעיית השיכון לזוגות צעירים	2124	אבנרי אורי
171	2	ידיעה בדבר תכנית מקיפה לפתרון בעיית השיכון לזוגות צעירים	2668	שרף זאב
171	2	ידיעה בדבר תכנית מקיפה לפתרון בעיית השיכון לזוגות צעירים	2202	בן-מאיר יהודה
171	2	ידיעה בדבר תכנית מקיפה לפתרון בעיית השיכון לזוגות צעירים	2148	אליעד נסים
171	2	ידיעה בדבר תכנית מקיפה לפתרון בעיית השיכון לזוגות צעירים	2189	ביבי מרדכי
171	2	ידיעה בדבר תכנית מקיפה לפתרון בעיית השיכון לזוגות צעירים	2300	המר זבולון
171	2	ידיעה בדבר תכנית מקיפה לפתרון בעיית השיכון לזוגות צעירים	2300	המר זבולון
171	2	ידיעה בדבר תכנית מקיפה לפתרון בעיית השיכון לזוגות צעירים	2668	שרף זאב
171	2	ידיעה בדבר תכנית מקיפה לפתרון בעיית השיכון לזוגות צעירים	2368	ידיד מנחם
171	2	ידיעה בדבר תכנית מקיפה לפתרון בעיית השיכון לזוגות צעירים	2319	וילנר מאיר
172	2	שיטת מכירתן ומסירתן של דירות לזוגות צעירים	2397	כהן שלום
172	2	שיטת מכירתן ומסירתן של דירות לזוגות צעירים	2668	שרף זאב
172	2	שיטת מכירתן ומסירתן של דירות לזוגות צעירים	2202	בן-מאיר יהודה
172	2	שיטת מכירתן ומסירתן של דירות לזוגות צעירים	2429	לוין שלום
172	2	שיטת מכירתן ומסירתן של דירות לזוגות צעירים	2189	ביבי מרדכי
174	2	דירות במחירים מוזלים לזוגות צעירים בירושלים	2189	ביבי מרדכי
174	2	דירות במחירים מוזלים לזוגות צעירים בירושלים	2124	אבנרי אורי
174	2	דירות במחירים מוזלים לזוגות צעירים בירושלים	2560	פת גדעון
174	2	דירות במחירים מוזלים לזוגות צעירים בירושלים	2668	שרף זאב
174	2	דירות במחירים מוזלים לזוגות צעירים בירושלים	2325	ורהפטיג זרח
174	2	דירות במחירים מוזלים לזוגות צעירים בירושלים	2202	בן-מאיר יהודה
174	2	דירות במחירים מוזלים לזוגות צעירים בירושלים	2294	הורביץ יגאל
175	2	קרקע בתנאים נוחים לשיכון זוגות צעירים ומשפחות מרובות ילדים	2300	המר זבולון
175	2	קרקע בתנאים נוחים לשיכון זוגות צעירים ומשפחות מרובות ילדים	2233	גבתי חיים
175	2	קרקע בתנאים נוחים לשיכון זוגות צעירים ומשפחות מרובות ילדים	2675	תמיר יוסף
175	2	קרקע בתנאים נוחים לשיכון זוגות צעירים ומשפחות מרובות ילדים	2363	טובי תופיק
175	2	קרקע בתנאים נוחים לשיכון זוגות צעירים ומשפחות מרובות ילדים	2124	אבנרי אורי
176	2	פתרונות דיור לזוגות צעירים	2601	רוזן שלמה
176	2	פתרונות דיור לזוגות צעירים	2368	ידיד מנחם
176	2	פתרונות דיור לזוגות צעירים	2668	שרף זאב
176	2	פתרונות דיור לזוגות צעירים	2206	בן-פורת מרדכי
176	2	פתרונות דיור לזוגות צעירים	2202	בן-מאיר יהודה
176	2	פתרונות דיור לזוגות צעירים	2633	שחל משה
177	2	מקורות מימון של השיכון לזוגות צעירים ברחוב יצחק שדה בתל- אביב	2166	ארזי ראובן
177	2	מקורות מימון של השיכון לזוגות צעירים ברחוב יצחק שדה בתל- אביב	2668	שרף זאב
177	2	מקורות מימון של השיכון לזוגות צעירים ברחוב יצחק שדה בתל- אביב	2633	שחל משה
177	2	מקורות מימון של השיכון לזוגות צעירים ברחוב יצחק שדה בתל- אביב	2675	תמיר יוסף
177	2	מקורות מימון של השיכון לזוגות צעירים ברחוב יצחק שדה בתל- אביב	2124	אבנרי אורי
178	2	הוזלת מחירי דירות לזוגות צעירים	2166	ארזי ראובן
178	2	הוזלת מחירי דירות לזוגות צעירים	2202	בן-מאיר יהודה
178	2	הוזלת מחירי דירות לזוגות צעירים	2233	גבתי חיים
178	2	הוזלת מחירי דירות לזוגות צעירים	2633	שחל משה
178	2	הוזלת מחירי דירות לזוגות צעירים	2294	הורביץ יגאל
178	2	הוזלת מחירי דירות לזוגות צעירים	2675	תמיר יוסף
179	2	דיור לזוגות צעירים בכפר חרוצים	2668	שרף זאב
179	2	דיור לזוגות צעירים בכפר חרוצים	2368	ידיד מנחם
179	2	דיור לזוגות צעירים בכפר חרוצים	2389	ישעיהו-שרעבי ישראל
179	2	דיור לזוגות צעירים בכפר חרוצים	2245	גולן יצחק
179	2	דיור לזוגות צעירים בכפר חרוצים	2418	לבנבראון אברהם
179	2	דיור לזוגות צעירים בכפר חרוצים	2668	שרף זאב
179	2	דיור לזוגות צעירים בכפר חרוצים	2560	פת גדעון
180	2	משכנתאות לזוגות צעירים ולבעלי משפחות מרובות ילדים	2124	אבנרי אורי
180	2	משכנתאות לזוגות צעירים ולבעלי משפחות מרובות ילדים	2668	שרף זאב
180	2	משכנתאות לזוגות צעירים ולבעלי משפחות מרובות ילדים	2676	תמיר שמואל
180	2	משכנתאות לזוגות צעירים ולבעלי משפחות מרובות ילדים	2294	הורביץ יגאל
181	2	נתונים על תכניות בנייה של דירות לזוגות צעירים בירושלים	2627	שוסטק אליעזר
181	2	נתונים על תכניות בנייה של דירות לזוגות צעירים בירושלים	2676	תמיר שמואל
181	2	נתונים על תכניות בנייה של דירות לזוגות צעירים בירושלים	2668	שרף זאב
181	2	נתונים על תכניות בנייה של דירות לזוגות צעירים בירושלים	2560	פת גדעון
182	2	התייקרות מחירי דירות שנועדו לזוגות צעירים	2668	שרף זאב
182	2	התייקרות מחירי דירות שנועדו לזוגות צעירים	2166	ארזי ראובן
182	2	התייקרות מחירי דירות שנועדו לזוגות צעירים	2633	שחל משה
182	2	התייקרות מחירי דירות שנועדו לזוגות צעירים	2389	ישעיהו-שרעבי ישראל
183	2	דירות בשכירות לזוגות צעירים באופקים	2464	מיקוניס שמואל
183	2	דירות בשכירות לזוגות צעירים באופקים	2668	שרף זאב
183	2	דירות בשכירות לזוגות צעירים באופקים	2324	ורדיגר אברהם
183	2	דירות בשכירות לזוגות צעירים באופקים	2418	לבנבראון אברהם
184	2	מתן אפשרות לזוגות צעירים לרכוש דירות במחיר בלתי-צמוד למדד	2464	מיקוניס שמואל
184	2	מתן אפשרות לזוגות צעירים לרכוש דירות במחיר בלתי-צמוד למדד	2668	שרף זאב
184	2	מתן אפשרות לזוגות צעירים לרכוש דירות במחיר בלתי-צמוד למדד	2324	ורדיגר אברהם
184	2	מתן אפשרות לזוגות צעירים לרכוש דירות במחיר בלתי-צמוד למדד	2418	לבנבראון אברהם
184	2	מתן אפשרות לזוגות צעירים לרכוש דירות במחיר בלתי-צמוד למדד	2675	תמיר יוסף
184	2	מתן אפשרות לזוגות צעירים לרכוש דירות במחיר בלתי-צמוד למדד	2668	שרף זאב
184	2	מתן אפשרות לזוגות צעירים לרכוש דירות במחיר בלתי-צמוד למדד	2121	אביזוהר מאיר
184	2	מתן אפשרות לזוגות צעירים לרכוש דירות במחיר בלתי-צמוד למדד	2162	ארבלי-אלמוזלינו שושנה
184	2	מתן אפשרות לזוגות צעירים לרכוש דירות במחיר בלתי-צמוד למדד	2324	ורדיגר אברהם
185	2	דיור לזוגות צעירים בעכו העתיקה	2668	שרף זאב
185	2	דיור לזוגות צעירים בעכו העתיקה	2464	מיקוניס שמואל
185	2	דיור לזוגות צעירים בעכו העתיקה	2560	פת גדעון
185	2	דיור לזוגות צעירים בעכו העתיקה	2124	אבנרי אורי
185	2	דיור לזוגות צעירים בעכו העתיקה	2560	פת גדעון
185	2	דיור לזוגות צעירים בעכו העתיקה	2648	שם-טוב ויקטור
185	2	דיור לזוגות צעירים בעכו העתיקה	2389	ישעיהו-שרעבי ישראל
185	2	דיור לזוגות צעירים בעכו העתיקה	2668	שרף זאב
185	2	דיור לזוגות צעירים בעכו העתיקה	2464	מיקוניס שמואל
185	2	דיור לזוגות צעירים בעכו העתיקה	2324	ורדיגר אברהם
186	2	ההתייקרות של דירות לזוגות צעירים לאחר חתימת החוזה	5955	קשת ב  צ
186	2	ההתייקרות של דירות לזוגות צעירים לאחר חתימת החוזה	2572	צימרמן צבי
187	2	ההתייקרות של דירות לזוגות צעירים לאחר חתימת החוזה	5955	קשת ב  צ
187	2	ההתייקרות של דירות לזוגות צעירים לאחר חתימת החוזה	2572	צימרמן צבי
187	2	ההתייקרות של דירות לזוגות צעירים לאחר חתימת החוזה	2124	אבנרי אורי
187	2	ההתייקרות של דירות לזוגות צעירים לאחר חתימת החוזה	2572	צימרמן צבי
187	2	ההתייקרות של דירות לזוגות צעירים לאחר חתימת החוזה	2585	קלינגהופר יצחק-הנס
187	2	ההתייקרות של דירות לזוגות צעירים לאחר חתימת החוזה	2572	צימרמן צבי
187	2	ההתייקרות של דירות לזוגות צעירים לאחר חתימת החוזה	5955	קשת ב  צ
187	2	ההתייקרות של דירות לזוגות צעירים לאחר חתימת החוזה	2676	תמיר שמואל
187	2	ההתייקרות של דירות לזוגות צעירים לאחר חתימת החוזה	5955	קשת ב  צ
187	2	ההתייקרות של דירות לזוגות צעירים לאחר חתימת החוזה	2625	שובל זלמן
187	2	ההתייקרות של דירות לזוגות צעירים לאחר חתימת החוזה	5955	קשת ב  צ
187	2	ההתייקרות של דירות לזוגות צעירים לאחר חתימת החוזה	2668	שרף זאב
187	2	ההתייקרות של דירות לזוגות צעירים לאחר חתימת החוזה	2572	צימרמן צבי
187	2	ההתייקרות של דירות לזוגות צעירים לאחר חתימת החוזה	2668	שרף זאב
187	2	ההתייקרות של דירות לזוגות צעירים לאחר חתימת החוזה	2572	צימרמן צבי
187	2	ההתייקרות של דירות לזוגות צעירים לאחר חתימת החוזה	2668	שרף זאב
187	2	ההתייקרות של דירות לזוגות צעירים לאחר חתימת החוזה	2676	תמיר שמואל
187	2	ההתייקרות של דירות לזוגות צעירים לאחר חתימת החוזה	2124	אבנרי אורי
187	2	ההתייקרות של דירות לזוגות צעירים לאחר חתימת החוזה	2124	אבנרי אורי
187	2	ההתייקרות של דירות לזוגות צעירים לאחר חתימת החוזה	2668	שרף זאב
187	2	ההתייקרות של דירות לזוגות צעירים לאחר חתימת החוזה	2676	תמיר שמואל
187	2	ההתייקרות של דירות לזוגות צעירים לאחר חתימת החוזה	5955	קשת ב  צ
187	2	ההתייקרות של דירות לזוגות צעירים לאחר חתימת החוזה	2294	הורביץ יגאל
187	2	ההתייקרות של דירות לזוגות צעירים לאחר חתימת החוזה	2625	שובל זלמן
187	2	ההתייקרות של דירות לזוגות צעירים לאחר חתימת החוזה	2338	זילברברג אברהם
187	2	ההתייקרות של דירות לזוגות צעירים לאחר חתימת החוזה	2572	צימרמן צבי
188	2	פתרון בעיית הדיור לזוגות צעירים הגרים עם הוריהם	2668	שרף זאב
188	2	פתרון בעיית הדיור לזוגות צעירים הגרים עם הוריהם	2389	ישעיהו-שרעבי ישראל
188	2	פתרון בעיית הדיור לזוגות צעירים הגרים עם הוריהם	2148	אליעד נסים
188	2	פתרון בעיית הדיור לזוגות צעירים הגרים עם הוריהם	2464	מיקוניס שמואל
189	2	הפחתת שיעורי הריבית על משכנתאות של זוגות צעירים בקריית-שפרינצק	2668	שרף זאב
189	2	הפחתת שיעורי הריבית על משכנתאות של זוגות צעירים בקריית-שפרינצק	2389	ישעיהו-שרעבי ישראל
189	2	הפחתת שיעורי הריבית על משכנתאות של זוגות צעירים בקריית-שפרינצק	2148	אליעד נסים
189	2	הפחתת שיעורי הריבית על משכנתאות של זוגות צעירים בקריית-שפרינצק	2464	מיקוניס שמואל
189	2	הפחתת שיעורי הריבית על משכנתאות של זוגות צעירים בקריית-שפרינצק	2668	שרף זאב
189	2	הפחתת שיעורי הריבית על משכנתאות של זוגות צעירים בקריית-שפרינצק	2633	שחל משה
189	2	הפחתת שיעורי הריבית על משכנתאות של זוגות צעירים בקריית-שפרינצק	2464	מיקוניס שמואל
189	2	הפחתת שיעורי הריבית על משכנתאות של זוגות צעירים בקריית-שפרינצק	2581	קורפו חיים
189	2	הפחתת שיעורי הריבית על משכנתאות של זוגות צעירים בקריית-שפרינצק	2206	בן-פורת מרדכי
190	2	מחירי הדירות לזוגות צעירים בבאר-שבע	2676	תמיר שמואל
190	2	מחירי הדירות לזוגות צעירים בבאר-שבע	2668	שרף זאב
190	2	מחירי הדירות לזוגות צעירים בבאר-שבע	2676	תמיר שמואל
190	2	מחירי הדירות לזוגות צעירים בבאר-שבע	2668	שרף זאב
191	2	דיור לזוגות צעירים בתל-מונד	2668	שרף זאב
191	2	דיור לזוגות צעירים בתל-מונד	2418	לבנבראון אברהם
191	2	דיור לזוגות צעירים בתל-מונד	2368	ידיד מנחם
191	2	דיור לזוגות צעירים בתל-מונד	2510	סנהדראי טובה
191	2	דיור לזוגות צעירים בתל-מונד	2464	מיקוניס שמואל
192	2	.מחירי דירות לזוגות צעירים	2668	שרף זאב
192	2	.מחירי דירות לזוגות צעירים	2625	שובל זלמן
192	2	.מחירי דירות לזוגות צעירים	2676	תמיר שמואל
193	2	מחירי הדירות לזוגות צעירים בשכנת מקור- חיים בירושלים	2668	שרף זאב
193	2	מחירי הדירות לזוגות צעירים בשכנת מקור- חיים בירושלים	2121	אביזוהר מאיר
193	2	מחירי הדירות לזוגות צעירים בשכנת מקור- חיים בירושלים	2397	כהן שלום
194	2	תיאום בין הגורמים העוסקים בבנייה לזוגות צעירים	2668	שרף זאב
194	2	תיאום בין הגורמים העוסקים בבנייה לזוגות צעירים	2121	אביזוהר מאיר
194	2	תיאום בין הגורמים העוסקים בבנייה לזוגות צעירים	2397	כהן שלום
195	2	מחית הדירות לזוגות צעירים בשכונת מקור-חיים בירושלים	2668	שרף זאב
195	2	מחית הדירות לזוגות צעירים בשכונת מקור-חיים בירושלים	2121	אביזוהר מאיר
195	2	מחית הדירות לזוגות צעירים בשכונת מקור-חיים בירושלים	2397	כהן שלום
196	2	טענותיהם של זוגות צעירים בקשר לתנאי קבלת דירות בשמנת מקור-חיים בירושלים	2476	נבון יצחק
196	2	טענותיהם של זוגות צעירים בקשר לתנאי קבלת דירות בשמנת מקור-חיים בירושלים	2418	לבנבראון אברהם
196	2	טענותיהם של זוגות צעירים בקשר לתנאי קבלת דירות בשמנת מקור-חיים בירושלים	2676	תמיר שמואל
196	2	טענותיהם של זוגות צעירים בקשר לתנאי קבלת דירות בשמנת מקור-חיים בירושלים	2124	אבנרי אורי
196	2	טענותיהם של זוגות צעירים בקשר לתנאי קבלת דירות בשמנת מקור-חיים בירושלים	2668	שרף זאב
197	2	שינוי ייעודן של דירות שנבנו במסגרת התכנית לזוגות צעירים	2668	שרף זאב
197	2	שינוי ייעודן של דירות שנבנו במסגרת התכנית לזוגות צעירים	2676	תמיר שמואל
197	2	שינוי ייעודן של דירות שנבנו במסגרת התכנית לזוגות צעירים	2668	שרף זאב
197	2	שינוי ייעודן של דירות שנבנו במסגרת התכנית לזוגות צעירים	5955	קשת ב  צ
197	2	שינוי ייעודן של דירות שנבנו במסגרת התכנית לזוגות צעירים	2476	נבון יצחק
197	2	שינוי ייעודן של דירות שנבנו במסגרת התכנית לזוגות צעירים	2124	אבנרי אורי
198	2	מחירי הדירות בשיכון לזוגות צעירים ברח' פייר קניג בירושלים	2676	תמיר שמואל
198	2	מחירי הדירות בשיכון לזוגות צעירים ברח' פייר קניג בירושלים	2668	שרף זאב
200	2	הגרלת דירות לזוגות צעירים מטעם עיריית תל-אביב	2476	נבון יצחק
200	2	הגרלת דירות לזוגות צעירים מטעם עיריית תל-אביב	2155	אנקוריון ארי
200	2	הגרלת דירות לזוגות צעירים מטעם עיריית תל-אביב	2418	לבנבראון אברהם
200	2	הגרלת דירות לזוגות צעירים מטעם עיריית תל-אביב	2668	שרף זאב
200	2	הגרלת דירות לזוגות צעירים מטעם עיריית תל-אביב	2121	אביזוהר מאיר
201	2	"חוק שיכון לזוגות צעירים ולזכאי דיור, תשל״ג--1973*(הצעת חבר-הכנסת צ. צימרמן)"	2241	גולדשטיין אהרן
201	2	"חוק שיכון לזוגות צעירים ולזכאי דיור, תשל״ג--1973*(הצעת חבר-הכנסת צ. צימרמן)"	2155	אנקוריון ארי
201	2	"חוק שיכון לזוגות צעירים ולזכאי דיור, תשל״ג--1973*(הצעת חבר-הכנסת צ. צימרמן)"	2166	ארזי ראובן
201	2	"חוק שיכון לזוגות צעירים ולזכאי דיור, תשל״ג--1973*(הצעת חבר-הכנסת צ. צימרמן)"	2668	שרף זאב
201	2	"חוק שיכון לזוגות צעירים ולזכאי דיור, תשל״ג--1973*(הצעת חבר-הכנסת צ. צימרמן)"	2572	צימרמן צבי
201	2	"חוק שיכון לזוגות צעירים ולזכאי דיור, תשל״ג--1973*(הצעת חבר-הכנסת צ. צימרמן)"	2668	שרף זאב
201	2	"חוק שיכון לזוגות צעירים ולזכאי דיור, תשל״ג--1973*(הצעת חבר-הכנסת צ. צימרמן)"	2572	צימרמן צבי
201	2	"חוק שיכון לזוגות צעירים ולזכאי דיור, תשל״ג--1973*(הצעת חבר-הכנסת צ. צימרמן)"	5955	קשת ב  צ
201	2	"חוק שיכון לזוגות צעירים ולזכאי דיור, תשל״ג--1973*(הצעת חבר-הכנסת צ. צימרמן)"	2459	מילמן הלוי דב
201	2	"חוק שיכון לזוגות צעירים ולזכאי דיור, תשל״ג--1973*(הצעת חבר-הכנסת צ. צימרמן)"	2668	שרף זאב
201	2	"חוק שיכון לזוגות צעירים ולזכאי דיור, תשל״ג--1973*(הצעת חבר-הכנסת צ. צימרמן)"	2442	לנדאו חיים
201	2	"חוק שיכון לזוגות צעירים ולזכאי דיור, תשל״ג--1973*(הצעת חבר-הכנסת צ. צימרמן)"	5955	קשת ב  צ
201	2	"חוק שיכון לזוגות צעירים ולזכאי דיור, תשל״ג--1973*(הצעת חבר-הכנסת צ. צימרמן)"	2442	לנדאו חיים
201	2	"חוק שיכון לזוגות צעירים ולזכאי דיור, תשל״ג--1973*(הצעת חבר-הכנסת צ. צימרמן)"	2668	שרף זאב
201	2	"חוק שיכון לזוגות צעירים ולזכאי דיור, תשל״ג--1973*(הצעת חבר-הכנסת צ. צימרמן)"	2287	דרובלס מתתיהו
201	2	"חוק שיכון לזוגות צעירים ולזכאי דיור, תשל״ג--1973*(הצעת חבר-הכנסת צ. צימרמן)"	2572	צימרמן צבי
201	2	"חוק שיכון לזוגות צעירים ולזכאי דיור, תשל״ג--1973*(הצעת חבר-הכנסת צ. צימרמן)"	5955	קשת ב  צ
201	2	"חוק שיכון לזוגות צעירים ולזכאי דיור, תשל״ג--1973*(הצעת חבר-הכנסת צ. צימרמן)"	2268	גרשוני צבי
201	2	"חוק שיכון לזוגות צעירים ולזכאי דיור, תשל״ג--1973*(הצעת חבר-הכנסת צ. צימרמן)"	2572	צימרמן צבי
201	2	"חוק שיכון לזוגות צעירים ולזכאי דיור, תשל״ג--1973*(הצעת חבר-הכנסת צ. צימרמן)"	2189	ביבי מרדכי
201	2	"חוק שיכון לזוגות צעירים ולזכאי דיור, תשל״ג--1973*(הצעת חבר-הכנסת צ. צימרמן)"	2633	שחל משה
201	2	"חוק שיכון לזוגות צעירים ולזכאי דיור, תשל״ג--1973*(הצעת חבר-הכנסת צ. צימרמן)"	2166	ארזי ראובן
201	2	"חוק שיכון לזוגות צעירים ולזכאי דיור, תשל״ג--1973*(הצעת חבר-הכנסת צ. צימרמן)"	5955	קשת ב  צ
201	2	"חוק שיכון לזוגות צעירים ולזכאי דיור, תשל״ג--1973*(הצעת חבר-הכנסת צ. צימרמן)"	2572	צימרמן צבי
201	2	"חוק שיכון לזוגות צעירים ולזכאי דיור, תשל״ג--1973*(הצעת חבר-הכנסת צ. צימרמן)"	2162	ארבלי-אלמוזלינו שושנה
203	2	דירות לזוגות צעירים בנוה-יעקב	2668	שרף זאב
203	2	דירות לזוגות צעירים בנוה-יעקב	2464	מיקוניס שמואל
203	2	דירות לזוגות צעירים בנוה-יעקב	2418	לבנבראון אברהם
203	2	דירות לזוגות צעירים בנוה-יעקב	2625	שובל זלמן
204	2	תנאי ההלוואות לחיילים משוחררים במסגרת.מפעל השיכון לזוגות צעירים	2596	רבינוביץ יהושע
204	2	תנאי ההלוואות לחיילים משוחררים במסגרת.מפעל השיכון לזוגות צעירים	2477	נוף עקיבא
204	2	תנאי ההלוואות לחיילים משוחררים במסגרת.מפעל השיכון לזוגות צעירים	2342	זכין דב
204	2	תנאי ההלוואות לחיילים משוחררים במסגרת.מפעל השיכון לזוגות צעירים	2290	דרניצקי יהודה(יודין)
204	2	תנאי ההלוואות לחיילים משוחררים במסגרת.מפעל השיכון לזוגות צעירים	2675	תמיר יוסף
205	2	דירות לזוגות צעירים בחדרה	2596	רבינוביץ יהושע
205	2	דירות לזוגות צעירים בחדרה	2477	נוף עקיבא
205	2	דירות לזוגות צעירים בחדרה	2342	זכין דב
205	2	דירות לזוגות צעירים בחדרה	2290	דרניצקי יהודה(יודין)
205	2	דירות לזוגות צעירים בחדרה	2675	תמיר יוסף
206	2	דירות לזוגות צעירים בחדרה	2596	רבינוביץ יהושע
206	2	דירות לזוגות צעירים בחדרה	2477	נוף עקיבא
206	2	דירות לזוגות צעירים בחדרה	2206	בן-פורת מרדכי
206	2	דירות לזוגות צעירים בחדרה	2290	דרניצקי יהודה(יודין)
206	2	דירות לזוגות צעירים בחדרה	2368	ידיד מנחם
206	2	דירות לזוגות צעירים בחדרה	2604	רונן אליעזר
207	2	תנאי ההלוואות לחיילים משוחררים במסגרת מפעל השיכון לזוגות צעירים	2477	נוף עקיבא
207	2	תנאי ההלוואות לחיילים משוחררים במסגרת מפעל השיכון לזוגות צעירים	2596	רבינוביץ יהושע
207	2	תנאי ההלוואות לחיילים משוחררים במסגרת מפעל השיכון לזוגות צעירים	2654	שמעוני חביב
208	2	תכנית לבניית דירות בגדלים שונים לזוגות צעירים	2477	נוף עקיבא
208	2	תכנית לבניית דירות בגדלים שונים לזוגות צעירים	2596	רבינוביץ יהושע
208	2	תכנית לבניית דירות בגדלים שונים לזוגות צעירים	2675	תמיר יוסף
208	2	תכנית לבניית דירות בגדלים שונים לזוגות צעירים	2655	שערי יהודה
209	2	נתונים על הרשמת חיילים משוחררים וזוגות צעירים לשיכון	2477	נוף עקיבא
209	2	נתונים על הרשמת חיילים משוחררים וזוגות צעירים לשיכון	2596	רבינוביץ יהושע
209	2	נתונים על הרשמת חיילים משוחררים וזוגות צעירים לשיכון	2675	תמיר יוסף
209	2	נתונים על הרשמת חיילים משוחררים וזוגות צעירים לשיכון	2655	שערי יהודה
210	2	שטח הדירה בממוצע לזוגות צעירים	2160	אפרת אהרון
210	2	שטח הדירה בממוצע לזוגות צעירים	2596	רבינוביץ יהושע
210	2	שטח הדירה בממוצע לזוגות צעירים	2477	נוף עקיבא
210	2	שטח הדירה בממוצע לזוגות צעירים	2652	שמיר יצחק
210	2	שטח הדירה בממוצע לזוגות צעירים	2596	רבינוביץ יהושע
210	2	שטח הדירה בממוצע לזוגות צעירים	2290	דרניצקי יהודה(יודין)
210	2	שטח הדירה בממוצע לזוגות צעירים	2477	נוף עקיבא
211	2	פיקוח על טיב הבנייה לזוגות צעירים	2596	רבינוביץ יהושע
211	2	פיקוח על טיב הבנייה לזוגות צעירים	2290	דרניצקי יהודה(יודין)
211	2	פיקוח על טיב הבנייה לזוגות צעירים	2477	נוף עקיבא
212	2	הקריטריונים לזכאותם של זוגות צעירים לשיכון	2596	רבינוביץ יהושע
212	2	הקריטריונים לזכאותם של זוגות צעירים לשיכון	2290	דרניצקי יהודה(יודין)
212	2	הקריטריונים לזכאותם של זוגות צעירים לשיכון	2477	נוף עקיבא
212	2	הקריטריונים לזכאותם של זוגות צעירים לשיכון	2596	רבינוביץ יהושע
212	2	הקריטריונים לזכאותם של זוגות צעירים לשיכון	2477	נוף עקיבא
212	2	הקריטריונים לזכאותם של זוגות צעירים לשיכון	2579	קורן דוד
212	2	הקריטריונים לזכאותם של זוגות צעירים לשיכון	2290	דרניצקי יהודה(יודין)
212	2	הקריטריונים לזכאותם של זוגות צעירים לשיכון	2418	לבנבראון אברהם
213	2	ביצוע תכנית שיכון לזוגות צעירים בתל-אביב	2596	רבינוביץ יהושע
213	2	ביצוע תכנית שיכון לזוגות צעירים בתל-אביב	2477	נוף עקיבא
213	2	ביצוע תכנית שיכון לזוגות צעירים בתל-אביב	2579	קורן דוד
213	2	ביצוע תכנית שיכון לזוגות צעירים בתל-אביב	2290	דרניצקי יהודה(יודין)
213	2	ביצוע תכנית שיכון לזוגות צעירים בתל-אביב	2418	לבנבראון אברהם
214	2	תלונות על סגירת משרד היחידה לזוגות צעירים בתל-אביב לרגל שיפוצים	2206	בן-פורת מרדכי
214	2	תלונות על סגירת משרד היחידה לזוגות צעירים בתל-אביב לרגל שיפוצים	2596	רבינוביץ יהושע
214	2	תלונות על סגירת משרד היחידה לזוגות צעירים בתל-אביב לרגל שיפוצים	2290	דרניצקי יהודה(יודין)
214	2	תלונות על סגירת משרד היחידה לזוגות צעירים בתל-אביב לרגל שיפוצים	2604	רונן אליעזר
214	2	תלונות על סגירת משרד היחידה לזוגות צעירים בתל-אביב לרגל שיפוצים	2160	אפרת אהרון
214	2	תלונות על סגירת משרד היחידה לזוגות צעירים בתל-אביב לרגל שיפוצים	2187	בורג יוסף
215	2	פתרונות דיור לזוגות צעירים	2389	ישעיהו-שרעבי ישראל
215	2	פתרונות דיור לזוגות צעירים	2675	תמיר יוסף
215	2	פתרונות דיור לזוגות צעירים	2565	צדוק חיים יוסף
215	2	פתרונות דיור לזוגות צעירים	2477	נוף עקיבא
215	2	פתרונות דיור לזוגות צעירים	2520	עופר אברהם
215	2	פתרונות דיור לזוגות צעירים	2160	אפרת אהרון
216	2	הצעה לסדר-היום השינויים בשיטת הניקוד להלוואות לשיכון בשביל זוגות צעירים	2206	בן-פורת מרדכי
216	2	הצעה לסדר-היום השינויים בשיטת הניקוד להלוואות לשיכון בשביל זוגות צעירים	2581	קורפו חיים
216	2	הצעה לסדר-היום השינויים בשיטת הניקוד להלוואות לשיכון בשביל זוגות צעירים	2520	עופר אברהם
216	2	הצעה לסדר-היום השינויים בשיטת הניקוד להלוואות לשיכון בשביל זוגות צעירים	2581	קורפו חיים
216	2	הצעה לסדר-היום השינויים בשיטת הניקוד להלוואות לשיכון בשביל זוגות צעירים	2520	עופר אברהם
216	2	הצעה לסדר-היום השינויים בשיטת הניקוד להלוואות לשיכון בשביל זוגות צעירים	2581	קורפו חיים
216	2	הצעה לסדר-היום השינויים בשיטת הניקוד להלוואות לשיכון בשביל זוגות צעירים	2581	קורפו חיים
216	2	הצעה לסדר-היום השינויים בשיטת הניקוד להלוואות לשיכון בשביל זוגות צעירים	2520	עופר אברהם
216	2	הצעה לסדר-היום השינויים בשיטת הניקוד להלוואות לשיכון בשביל זוגות צעירים	2437	לין אמנון
217	2	פתרונות דיור לזוגות צעירים בגדרה	2389	ישעיהו-שרעבי ישראל
217	2	פתרונות דיור לזוגות צעירים בגדרה	2477	נוף עקיבא
217	2	פתרונות דיור לזוגות צעירים בגדרה	2520	עופר אברהם
217	2	פתרונות דיור לזוגות צעירים בגדרה	2368	ידיד מנחם
217	2	פתרונות דיור לזוגות צעירים בגדרה	1064	אולמרט אהוד
218	2	מדיניות משרד השיכון בענייו דיור לזוגות צעירים	2520	עופר אברהם
218	2	מדיניות משרד השיכון בענייו דיור לזוגות צעירים	2418	לבנבראון אברהם
218	2	מדיניות משרד השיכון בענייו דיור לזוגות צעירים	2477	נוף עקיבא
218	2	מדיניות משרד השיכון בענייו דיור לזוגות צעירים	2368	ידיד מנחם
219	2	שינוי תנאים לזוגות צעירים בקבלת דיור במסגרת תכנית הדיור של עיריית חיפה	2520	עופר אברהם
219	2	שינוי תנאים לזוגות צעירים בקבלת דיור במסגרת תכנית הדיור של עיריית חיפה	2633	שחל משה
219	2	שינוי תנאים לזוגות צעירים בקבלת דיור במסגרת תכנית הדיור של עיריית חיפה	2337	זיידל הלל
219	2	שינוי תנאים לזוגות צעירים בקבלת דיור במסגרת תכנית הדיור של עיריית חיפה	2389	ישעיהו-שרעבי ישראל
219	2	שינוי תנאים לזוגות צעירים בקבלת דיור במסגרת תכנית הדיור של עיריית חיפה	2477	נוף עקיבא
219	2	שינוי תנאים לזוגות צעירים בקבלת דיור במסגרת תכנית הדיור של עיריית חיפה	2409	כץ אברהם
219	2	שינוי תנאים לזוגות צעירים בקבלת דיור במסגרת תכנית הדיור של עיריית חיפה	2654	שמעוני חביב
219	2	שינוי תנאים לזוגות צעירים בקבלת דיור במסגרת תכנית הדיור של עיריית חיפה	2596	רבינוביץ יהושע
219	2	שינוי תנאים לזוגות צעירים בקבלת דיור במסגרת תכנית הדיור של עיריית חיפה	2520	עופר אברהם
219	2	שינוי תנאים לזוגות צעירים בקבלת דיור במסגרת תכנית הדיור של עיריית חיפה	2294	הורביץ יגאל
221	2	"חוק שיכון זוגות צעירים, תשל״ד-1974 *(הצעת חבר-הכנסת א. מלמד)"	2126	אברמוב שניאור זלמן
221	2	"חוק שיכון זוגות צעירים, תשל״ד-1974 *(הצעת חבר-הכנסת א. מלמד)"	2466	מלמד אברהם
221	2	"חוק שיכון זוגות צעירים, תשל״ד-1974 *(הצעת חבר-הכנסת א. מלמד)"	2520	עופר אברהם
221	2	"חוק שיכון זוגות צעירים, תשל״ד-1974 *(הצעת חבר-הכנסת א. מלמד)"	2126	אברמוב שניאור זלמן
221	2	"חוק שיכון זוגות צעירים, תשל״ד-1974 *(הצעת חבר-הכנסת א. מלמד)"	2442	לנדאו חיים
223	2	רכישת שתי דירות ויותר על-ידי זוגות צעירים	2581	קורפו חיים
223	2	רכישת שתי דירות ויותר על-ידי זוגות צעירים	2162	ארבלי-אלמוזלינו שושנה
223	2	רכישת שתי דירות ויותר על-ידי זוגות צעירים	2520	עופר אברהם
223	2	רכישת שתי דירות ויותר על-ידי זוגות צעירים	2633	שחל משה
223	2	רכישת שתי דירות ויותר על-ידי זוגות צעירים	2418	לבנבראון אברהם
224	2	פתרונות דיור לזוגות צעירים ולחיילים משוחררים כרמלה	2520	עופר אברהם
224	2	פתרונות דיור לזוגות צעירים ולחיילים משוחררים כרמלה	2450	מואב בועז
224	2	פתרונות דיור לזוגות צעירים ולחיילים משוחררים כרמלה	2368	ידיד מנחם
224	2	פתרונות דיור לזוגות צעירים ולחיילים משוחררים כרמלה	2655	שערי יהודה
225	2	הפעלת היחידה לשיכון לזוגות צעירים	2206	בן-פורת מרדכי
225	2	הפעלת היחידה לשיכון לזוגות צעירים	5955	קשת בן-ציון
225	2	הפעלת היחידה לשיכון לזוגות צעירים	2327	ורטמן משה
225	2	הפעלת היחידה לשיכון לזוגות צעירים	2162	ארבלי-אלמוזלינו שושנה
225	2	הפעלת היחידה לשיכון לזוגות צעירים	2549	פרוש מנחם
225	2	הפעלת היחידה לשיכון לזוגות צעירים	2477	נוף עקיבא
225	2	הפעלת היחידה לשיכון לזוגות צעירים	2477	נוף עקיבא
225	2	הפעלת היחידה לשיכון לזוגות צעירים	2668	שרף ז
225	2	הפעלת היחידה לשיכון לזוגות צעירים	2206	בן-פורת מרדכי
225	2	הפעלת היחידה לשיכון לזוגות צעירים	2206	בן-פורת מרדכי
225	2	הפעלת היחידה לשיכון לזוגות צעירים	2477	נוף עקיבא
225	2	הפעלת היחידה לשיכון לזוגות צעירים	2450	מואב בועז
225	2	הפעלת היחידה לשיכון לזוגות צעירים	2216	בר-לב חיים
225	2	הפעלת היחידה לשיכון לזוגות צעירים	2143	אלוני שולמית
225	2	הפעלת היחידה לשיכון לזוגות צעירים	2675	תמיר יוסף
226	2	דירות לזוגות צעירים	2668	שרף ז
226	2	דירות לזוגות צעירים	2477	נוף עקיבא
226	2	דירות לזוגות צעירים	2176	בארי ידידיה
226	2	דירות לזוגות צעירים	2633	שחל משה
227	2	תנאי התשלומים בשיכון לזוגות צעירים בחיפה	2668	שרף ז
227	2	תנאי התשלומים בשיכון לזוגות צעירים בחיפה	2477	נוף עקיבא
227	2	תנאי התשלומים בשיכון לזוגות צעירים בחיפה	2176	בארי ידידיה
227	2	תנאי התשלומים בשיכון לזוגות צעירים בחיפה	2633	שחל משה
227	2	תנאי התשלומים בשיכון לזוגות צעירים בחיפה	2668	שרף ז
227	2	תנאי התשלומים בשיכון לזוגות צעירים בחיפה	2547	פעיל מאיר
227	2	תנאי התשלומים בשיכון לזוגות צעירים בחיפה	2633	שחל משה
227	2	תנאי התשלומים בשיכון לזוגות צעירים בחיפה	2290	דרניצקי יהודה(יודין)
227	2	תנאי התשלומים בשיכון לזוגות צעירים בחיפה	2431	לורינץ שלמה
228	2	קיום הרשמת זוגות צעירים לשיכון בעזרת הרשויות המקומיות	2477	נוף עקיבא
228	2	קיום הרשמת זוגות צעירים לשיכון בעזרת הרשויות המקומיות	2520	עופר אברהם
228	2	קיום הרשמת זוגות צעירים לשיכון בעזרת הרשויות המקומיות	2363	טובי תופיק
228	2	קיום הרשמת זוגות צעירים לשיכון בעזרת הרשויות המקומיות	2418	לבנבראון אברהם
229	2	תנאי הצמדה למדד הבנייה בשיכון לזוגות צעירים	2477	נוף עקיבא
229	2	תנאי הצמדה למדד הבנייה בשיכון לזוגות צעירים	2520	עופר אברהם
229	2	תנאי הצמדה למדד הבנייה בשיכון לזוגות צעירים	2363	טובי תופיק
229	2	תנאי הצמדה למדד הבנייה בשיכון לזוגות צעירים	2418	לבנבראון אברהם
230	2	ייקור דירות לזוגות צעירים ולעולים חדשים על-ידי העלאת מחירי הקרקעות	2250	גז מטילדה
230	2	ייקור דירות לזוגות צעירים ולעולים חדשים על-ידי העלאת מחירי הקרקעות	2648	שם-טוב ויקטור
230	2	ייקור דירות לזוגות צעירים ולעולים חדשים על-ידי העלאת מחירי הקרקעות	2643	שינמן פנחס
230	2	ייקור דירות לזוגות צעירים ולעולים חדשים על-ידי העלאת מחירי הקרקעות	2591	קצב נוזהת
230	2	ייקור דירות לזוגות צעירים ולעולים חדשים על-ידי העלאת מחירי הקרקעות	2451	מודעי יצחק
230	2	ייקור דירות לזוגות צעירים ולעולים חדשים על-ידי העלאת מחירי הקרקעות	2643	שינמן פנחס
230	2	ייקור דירות לזוגות צעירים ולעולים חדשים על-ידי העלאת מחירי הקרקעות	2520	עופר אברהם
230	2	ייקור דירות לזוגות צעירים ולעולים חדשים על-ידי העלאת מחירי הקרקעות	2153	אמיר יעקב-ז'אק
230	2	ייקור דירות לזוגות צעירים ולעולים חדשים על-ידי העלאת מחירי הקרקעות	2451	מודעי יצחק
230	2	ייקור דירות לזוגות צעירים ולעולים חדשים על-ידי העלאת מחירי הקרקעות	2520	עופר אברהם
230	2	ייקור דירות לזוגות צעירים ולעולים חדשים על-ידי העלאת מחירי הקרקעות	2643	שינמן פנחס
230	2	ייקור דירות לזוגות צעירים ולעולים חדשים על-ידי העלאת מחירי הקרקעות	2261	גרוסמן חייקה
230	2	ייקור דירות לזוגות צעירים ולעולים חדשים על-ידי העלאת מחירי הקרקעות	2627	שוסטק אליעזר
231	2	מכירה בלתי-חוקית של דירות אשר ניתנו בתנאים מיוחדיםשל שיכון לזוגות צעירים	2153	אמיר יעקב-ז'אק
231	2	מכירה בלתי-חוקית של דירות אשר ניתנו בתנאים מיוחדיםשל שיכון לזוגות צעירים	2451	מודעי יצחק
231	2	מכירה בלתי-חוקית של דירות אשר ניתנו בתנאים מיוחדיםשל שיכון לזוגות צעירים	2520	עופר אברהם
231	2	מכירה בלתי-חוקית של דירות אשר ניתנו בתנאים מיוחדיםשל שיכון לזוגות צעירים	2643	שינמן פנחס
231	2	מכירה בלתי-חוקית של דירות אשר ניתנו בתנאים מיוחדיםשל שיכון לזוגות צעירים	2261	גרוסמן חייקה
231	2	מכירה בלתי-חוקית של דירות אשר ניתנו בתנאים מיוחדיםשל שיכון לזוגות צעירים	2627	שוסטק אליעזר
231	2	מכירה בלתי-חוקית של דירות אשר ניתנו בתנאים מיוחדיםשל שיכון לזוגות צעירים	2148	אליעד נסים
231	2	מכירה בלתי-חוקית של דירות אשר ניתנו בתנאים מיוחדיםשל שיכון לזוגות צעירים	2261	גרוסמן חייקה
231	2	מכירה בלתי-חוקית של דירות אשר ניתנו בתנאים מיוחדיםשל שיכון לזוגות צעירים	2176	בארי ידידיה
231	2	מכירה בלתי-חוקית של דירות אשר ניתנו בתנאים מיוחדיםשל שיכון לזוגות צעירים	2148	אליעד נסים
231	2	מכירה בלתי-חוקית של דירות אשר ניתנו בתנאים מיוחדיםשל שיכון לזוגות צעירים	2261	גרוסמן חייקה
231	2	מכירה בלתי-חוקית של דירות אשר ניתנו בתנאים מיוחדיםשל שיכון לזוגות צעירים	2643	שינמן פנחס
231	2	מכירה בלתי-חוקית של דירות אשר ניתנו בתנאים מיוחדיםשל שיכון לזוגות צעירים	2520	עופר אברהם
231	2	מכירה בלתי-חוקית של דירות אשר ניתנו בתנאים מיוחדיםשל שיכון לזוגות צעירים	2261	גרוסמן חייקה
231	2	מכירה בלתי-חוקית של דירות אשר ניתנו בתנאים מיוחדיםשל שיכון לזוגות צעירים	2643	שינמן פנחס
231	2	מכירה בלתי-חוקית של דירות אשר ניתנו בתנאים מיוחדיםשל שיכון לזוגות צעירים	2451	מודעי יצחק
231	2	מכירה בלתי-חוקית של דירות אשר ניתנו בתנאים מיוחדיםשל שיכון לזוגות צעירים	2148	אליעד נסים
231	2	מכירה בלתי-חוקית של דירות אשר ניתנו בתנאים מיוחדיםשל שיכון לזוגות צעירים	2520	עופר אברהם
232	2	שיכונים לזוגות צעירים ולעולים בבית-שאן	2389	ישעיהו-שרעבי ישראל
232	2	שיכונים לזוגות צעירים ולעולים בבית-שאן	2155	אנקוריון ארי
232	2	שיכונים לזוגות צעירים ולעולים בבית-שאן	2290	דרניצקי יהודה(יודין)
232	2	שיכונים לזוגות צעירים ולעולים בבית-שאן	2675	תמיר יוסף
232	2	שיכונים לזוגות צעירים ולעולים בבית-שאן	2520	עופר אברהם
233	2	ביצוע התכנית החדשה לשיכון לזוגות צעירים	2160	אפרת אהרון
233	2	ביצוע התכנית החדשה לשיכון לזוגות צעירים	2120	אבטבי אליעזר
233	2	ביצוע התכנית החדשה לשיכון לזוגות צעירים	2520	עופר אברהם
233	2	ביצוע התכנית החדשה לשיכון לזוגות צעירים	2368	ידיד מנחם
233	2	ביצוע התכנית החדשה לשיכון לזוגות צעירים	2520	עופר אברהם
233	2	ביצוע התכנית החדשה לשיכון לזוגות צעירים	2206	בן-פורת מרדכי
233	2	ביצוע התכנית החדשה לשיכון לזוגות צעירים	2368	ידיד מנחם
233	2	ביצוע התכנית החדשה לשיכון לזוגות צעירים	1064	אולמרט אהוד
233	2	ביצוע התכנית החדשה לשיכון לזוגות צעירים	2560	פת גדעון
234	2	השתתפות הממשלה בקרן הלוואות לזוגות צעירים	2520	עופר אברהם
234	2	השתתפות הממשלה בקרן הלוואות לזוגות צעירים	2206	בן-פורת מרדכי
234	2	השתתפות הממשלה בקרן הלוואות לזוגות צעירים	2368	ידיד מנחם
234	2	השתתפות הממשלה בקרן הלוואות לזוגות צעירים	1064	אולמרט אהוד
234	2	השתתפות הממשלה בקרן הלוואות לזוגות צעירים	2560	פת גדעון
235	2	השתתפות הממשלה במימון הלוואות לזוגות צעירים	2520	עופר אברהם
235	2	השתתפות הממשלה במימון הלוואות לזוגות צעירים	2206	בן-פורת מרדכי
235	2	השתתפות הממשלה במימון הלוואות לזוגות צעירים	2368	ידיד מנחם
235	2	השתתפות הממשלה במימון הלוואות לזוגות צעירים	1064	אולמרט אהוד
235	2	השתתפות הממשלה במימון הלוואות לזוגות צעירים	2560	פת גדעון
235	2	השתתפות הממשלה במימון הלוואות לזוגות צעירים	2389	ישעיהו-שרעבי ישראל
235	2	השתתפות הממשלה במימון הלוואות לזוגות צעירים	2160	אפרת אהרון
235	2	השתתפות הממשלה במימון הלוואות לזוגות צעירים	2520	עופר אברהם
235	2	השתתפות הממשלה במימון הלוואות לזוגות צעירים	1064	אולמרט אהוד
236	2	פתרונות דיור לזוגות צעירים מגני המיעוטים	2389	ישעיהו-שרעבי ישראל
236	2	פתרונות דיור לזוגות צעירים מגני המיעוטים	2160	אפרת אהרון
236	2	פתרונות דיור לזוגות צעירים מגני המיעוטים	2520	עופר אברהם
236	2	פתרונות דיור לזוגות צעירים מגני המיעוטים	2334	זיאד תופיק
236	2	פתרונות דיור לזוגות צעירים מגני המיעוטים	2675	תמיר יוסף
236	2	פתרונות דיור לזוגות צעירים מגני המיעוטים	2654	שמעוני חביב
237	2	דיור לזוגות צעירים ולמשפחות במצוקה	5955	קשת ב  צ
237	2	דיור לזוגות צעירים ולמשפחות במצוקה	2591	קצב נוזהת
237	2	דיור לזוגות צעירים ולמשפחות במצוקה	2520	עופר אברהם
237	2	דיור לזוגות צעירים ולמשפחות במצוקה	2206	בן-פורת מרדכי
238	2	מדיניות הממשלה לסייע בהקמת קרנות מיוחדות לזוגות צעירים	2643	שינמן פנחס
238	2	מדיניות הממשלה לסייע בהקמת קרנות מיוחדות לזוגות צעירים	2202	בן-מאיר יהודה
238	2	מדיניות הממשלה לסייע בהקמת קרנות מיוחדות לזוגות צעירים	2370	ידלין אהרן
238	2	מדיניות הממשלה לסייע בהקמת קרנות מיוחדות לזוגות צעירים	1064	אולמרט אהוד
239	2	תוקף ההקלות לזוגות צעירים ברכישת דיור	2520	עופר אברהם
239	2	תוקף ההקלות לזוגות צעירים ברכישת דיור	2654	שמעוני חביב
239	2	תוקף ההקלות לזוגות צעירים ברכישת דיור	2309	הרליץ אסתר
239	2	תוקף ההקלות לזוגות צעירים ברכישת דיור	2245	גולן יצחק
239	2	תוקף ההקלות לזוגות צעירים ברכישת דיור	2389	ישעיהו-שרעבי ישראל
239	2	תוקף ההקלות לזוגות צעירים ברכישת דיור	2176	בארי ידידיה
239	2	תוקף ההקלות לזוגות צעירים ברכישת דיור	2520	עופר אברהם
239	2	תוקף ההקלות לזוגות צעירים ברכישת דיור	2363	טובי תופיק
239	2	תוקף ההקלות לזוגות צעירים ברכישת דיור	2389	ישעיהו-שרעבי ישראל
239	2	תוקף ההקלות לזוגות צעירים ברכישת דיור	2549	פרוש מנחם
240	2	הטיפול כזוגות צעירים פני העדה הדרוזית הזקוקים לדיור	2176	בארי ידידיה
240	2	הטיפול כזוגות צעירים פני העדה הדרוזית הזקוקים לדיור	2520	עופר אברהם
240	2	הטיפול כזוגות צעירים פני העדה הדרוזית הזקוקים לדיור	2389	ישעיהו-שרעבי ישראל
240	2	הטיפול כזוגות צעירים פני העדה הדרוזית הזקוקים לדיור	2337	זיידל הלל
240	2	הטיפול כזוגות צעירים פני העדה הדרוזית הזקוקים לדיור	2160	אפרת אהרון
240	2	הטיפול כזוגות צעירים פני העדה הדרוזית הזקוקים לדיור	2520	עופר אברהם
240	2	הטיפול כזוגות צעירים פני העדה הדרוזית הזקוקים לדיור	2450	מואב בועז
240	2	הטיפול כזוגות צעירים פני העדה הדרוזית הזקוקים לדיור	2309	הרליץ אסתר
240	2	הטיפול כזוגות צעירים פני העדה הדרוזית הזקוקים לדיור	2389	ישעיהו-שרעבי ישראל
241	2	שיעורי ההלוואות הניתנות לזוגות צעירים לרכישת דירה	2520	עופר אברהם
241	2	שיעורי ההלוואות הניתנות לזוגות צעירים לרכישת דירה	2337	זיידל הלל
241	2	שיעורי ההלוואות הניתנות לזוגות צעירים לרכישת דירה	2262	גרופר פסח
241	2	שיעורי ההלוואות הניתנות לזוגות צעירים לרכישת דירה	2520	עופר אברהם
241	2	שיעורי ההלוואות הניתנות לזוגות צעירים לרכישת דירה	2549	פרוש מנחם
241	2	שיעורי ההלוואות הניתנות לזוגות צעירים לרכישת דירה	2591	קצב נוזהת
241	2	שיעורי ההלוואות הניתנות לזוגות צעירים לרכישת דירה	2418	לבנבראון אברהם
244	2	הבטחת משכנתאות לזוגות צעירים באשדוד	2520	עופר אברהם
244	2	הבטחת משכנתאות לזוגות צעירים באשדוד	2450	מואב בועז
244	2	הבטחת משכנתאות לזוגות צעירים באשדוד	2643	שינמן פנחס
244	2	הבטחת משכנתאות לזוגות צעירים באשדוד	2324	ורדיגר אברהם
245	2	שביתת הרעב של זוגות צעירים בבאר-שבע והצורך לפתור את בעיות שיכונם	2148	אליעד נסים
245	2	שביתת הרעב של זוגות צעירים בבאר-שבע והצורך לפתור את בעיות שיכונם	2153	אמיר יעקב-ז'אק
245	2	שביתת הרעב של זוגות צעירים בבאר-שבע והצורך לפתור את בעיות שיכונם	536	לוי דוד
245	2	שביתת הרעב של זוגות צעירים בבאר-שבע והצורך לפתור את בעיות שיכונם	2126	אברמוב שניאור זלמן
245	2	שביתת הרעב של זוגות צעירים בבאר-שבע והצורך לפתור את בעיות שיכונם	2126	אברמוב שניאור זלמן
245	2	שביתת הרעב של זוגות צעירים בבאר-שבע והצורך לפתור את בעיות שיכונם	2520	עופר אברהם
245	2	שביתת הרעב של זוגות צעירים בבאר-שבע והצורך לפתור את בעיות שיכונם	2153	אמיר יעקב-ז'אק
245	2	שביתת הרעב של זוגות צעירים בבאר-שבע והצורך לפתור את בעיות שיכונם	2194	בן-אהרן יצחק
245	2	שביתת הרעב של זוגות צעירים בבאר-שבע והצורך לפתור את בעיות שיכונם	536	לוי דוד
245	2	שביתת הרעב של זוגות צעירים בבאר-שבע והצורך לפתור את בעיות שיכונם	2153	אמיר יעקב-ז'אק
245	2	שביתת הרעב של זוגות צעירים בבאר-שבע והצורך לפתור את בעיות שיכונם	2194	בן-אהרן יצחק
245	2	שביתת הרעב של זוגות צעירים בבאר-שבע והצורך לפתור את בעיות שיכונם	2558	פרץ יצחק
245	2	שביתת הרעב של זוגות צעירים בבאר-שבע והצורך לפתור את בעיות שיכונם	2520	עופר אברהם
245	2	שביתת הרעב של זוגות צעירים בבאר-שבע והצורך לפתור את בעיות שיכונם	2394	כהן יגאל
245	2	שביתת הרעב של זוגות צעירים בבאר-שבע והצורך לפתור את בעיות שיכונם	2153	אמיר יעקב-ז'אק
245	2	שביתת הרעב של זוגות צעירים בבאר-שבע והצורך לפתור את בעיות שיכונם	2520	עופר אברהם
245	2	שביתת הרעב של זוגות צעירים בבאר-שבע והצורך לפתור את בעיות שיכונם	2126	אברמוב שניאור זלמן
245	2	שביתת הרעב של זוגות צעירים בבאר-שבע והצורך לפתור את בעיות שיכונם	536	לוי דוד
246	2	דיור לזוגות צעירים בבאר-שבע	2625	שובל זלמן
246	2	דיור לזוגות צעירים בבאר-שבע	2520	עופר אברהם
246	2	דיור לזוגות צעירים בבאר-שבע	2160	אפרת אהרון
246	2	דיור לזוגות צעירים בבאר-שבע	2202	בן-מאיר יהודה
246	2	דיור לזוגות צעירים בבאר-שבע	2604	רונן אליעזר
246	2	דיור לזוגות צעירים בבאר-שבע	2262	גרופר פסח
247	2	פתרונות דיור לזוגות צעירים בראש-העין	2152	אמוראי עדיאל
247	2	פתרונות דיור לזוגות צעירים בראש-העין	2418	לבנבראון אברהם
247	2	פתרונות דיור לזוגות צעירים בראש-העין	2520	עופר אברהם
247	2	פתרונות דיור לזוגות צעירים בראש-העין	2633	שחל משה
247	2	פתרונות דיור לזוגות צעירים בראש-העין	2547	פעיל מאיר
248	2	הקריטריונים למתן הלוואות לשיכון לזוגות צעירים	2153	אמיר יעקב-ז'אק
248	2	הקריטריונים למתן הלוואות לשיכון לזוגות צעירים	2520	עופר אברהם
248	2	הקריטריונים למתן הלוואות לשיכון לזוגות צעירים	2342	זכין דב
248	2	הקריטריונים למתן הלוואות לשיכון לזוגות צעירים	2450	מואב בועז
248	2	הקריטריונים למתן הלוואות לשיכון לזוגות צעירים	2202	בן-מאיר יהודה
248	2	הקריטריונים למתן הלוואות לשיכון לזוגות צעירים	2520	עופר אברהם
248	2	הקריטריונים למתן הלוואות לשיכון לזוגות צעירים	2126	אברמוב שניאור זלמן
249	2	מקורות המימון של הקרנות המשותפות לסיוע לזוגות צעירים	2596	רבינוביץ יהושע
249	2	מקורות המימון של הקרנות המשותפות לסיוע לזוגות צעירים	2450	מואב בועז
249	2	מקורות המימון של הקרנות המשותפות לסיוע לזוגות צעירים	2126	אברמוב שניאור זלמן
249	2	מקורות המימון של הקרנות המשותפות לסיוע לזוגות צעירים	2450	מואב בועז
249	2	מקורות המימון של הקרנות המשותפות לסיוע לזוגות צעירים	2596	רבינוביץ יהושע
249	2	מקורות המימון של הקרנות המשותפות לסיוע לזוגות צעירים	2431	לורינץ שלמה
249	2	מקורות המימון של הקרנות המשותפות לסיוע לזוגות צעירים	2162	ארבלי-אלמוזלינו שושנה
249	2	מקורות המימון של הקרנות המשותפות לסיוע לזוגות צעירים	2206	בן-פורת מרדכי
250	2	פירסום חישוב הזכאות לדיור של סוגים שונים של זוגות צעירים שהכנסתם זמנית	2477	נוף עקיבא
250	2	פירסום חישוב הזכאות לדיור של סוגים שונים של זוגות צעירים שהכנסתם זמנית	2520	עופר אברהם
250	2	פירסום חישוב הזכאות לדיור של סוגים שונים של זוגות צעירים שהכנסתם זמנית	2450	מואב בועז
250	2	פירסום חישוב הזכאות לדיור של סוגים שונים של זוגות צעירים שהכנסתם זמנית	2625	שובל זלמן
250	2	פירסום חישוב הזכאות לדיור של סוגים שונים של זוגות צעירים שהכנסתם זמנית	2290	דרניצקי יהודה(יודין)
252	2	העמדת דירות בשכירות לרשות זוגות צעירים	2520	עופר אברהם
252	2	העמדת דירות בשכירות לרשות זוגות צעירים	2591	קצב נוזהת
252	2	העמדת דירות בשכירות לרשות זוגות צעירים	2648	שם-טוב ויקטור
252	2	העמדת דירות בשכירות לרשות זוגות צעירים	2429	לוין שלום
252	2	העמדת דירות בשכירות לרשות זוגות צעירים	5955	קשת ב  צ
252	2	העמדת דירות בשכירות לרשות זוגות צעירים	2262	גרופר פסח
252	2	העמדת דירות בשכירות לרשות זוגות צעירים	2520	עופר אברהם
252	2	העמדת דירות בשכירות לרשות זוגות צעירים	2176	בארי ידידיה
253	2	הבטחת דיור לזוגות צעירים בבאר-שבע	2581	קורפו חיים
253	2	הבטחת דיור לזוגות צעירים בבאר-שבע	1064	אולמרט אהוד
253	2	הבטחת דיור לזוגות צעירים בבאר-שבע	2309	הרליץ אסתר
253	2	הבטחת דיור לזוגות צעירים בבאר-שבע	2251	גיבלבר אברהם
253	2	הבטחת דיור לזוגות צעירים בבאר-שבע	2300	המר זבולון
253	2	הבטחת דיור לזוגות צעירים בבאר-שבע	2262	גרופר פסח
253	2	הבטחת דיור לזוגות צעירים בבאר-שבע	2520	עופר אברהם
253	2	הבטחת דיור לזוגות צעירים בבאר-שבע	2654	שמעוני חביב
253	2	הבטחת דיור לזוגות צעירים בבאר-שבע	2251	גיבלבר אברהם
253	2	הבטחת דיור לזוגות צעירים בבאר-שבע	2309	הרליץ אסתר
253	2	הבטחת דיור לזוגות צעירים בבאר-שבע	2520	עופר אברהם
253	2	הבטחת דיור לזוגות צעירים בבאר-שבע	2290	דרניצקי יהודה(יודין)
254	2	התמריצים הניתנים לזוגות צעירים המשתכנים בישובים מועדפים	2251	גיבלבר אברהם
254	2	התמריצים הניתנים לזוגות צעירים המשתכנים בישובים מועדפים	2309	הרליץ אסתר
254	2	התמריצים הניתנים לזוגות צעירים המשתכנים בישובים מועדפים	2520	עופר אברהם
254	2	התמריצים הניתנים לזוגות צעירים המשתכנים בישובים מועדפים	2290	דרניצקי יהודה(יודין)
255	2	מחירי הדירות לזוגות צעירים בצפת	2251	גיבלבר אברהם
255	2	מחירי הדירות לזוגות צעירים בצפת	2309	הרליץ אסתר
255	2	מחירי הדירות לזוגות צעירים בצפת	2520	עופר אברהם
255	2	מחירי הדירות לזוגות צעירים בצפת	2290	דרניצקי יהודה(יודין)
255	2	מחירי הדירות לזוגות צעירים בצפת	2155	אנקוריון ארי
255	2	מחירי הדירות לזוגות צעירים בצפת	2520	עופר אברהם
255	2	מחירי הדירות לזוגות צעירים בצפת	2162	ארבלי-אלמוזלינו שושנה
255	2	מחירי הדירות לזוגות צעירים בצפת	2251	גיבלבר אברהם
255	2	מחירי הדירות לזוגות צעירים בצפת	2625	שובל זלמן
255	2	מחירי הדירות לזוגות צעירים בצפת	2119	אבוחצירא אהרן
255	2	מחירי הדירות לזוגות צעירים בצפת	2206	בן-פורת מרדכי
256	2	מחירי הדירות לזוגות צעירים בצפת	2155	אנקוריון ארי
256	2	מחירי הדירות לזוגות צעירים בצפת	2520	עופר אברהם
256	2	מחירי הדירות לזוגות צעירים בצפת	2162	ארבלי-אלמוזלינו שושנה
256	2	מחירי הדירות לזוגות צעירים בצפת	2251	גיבלבר אברהם
256	2	מחירי הדירות לזוגות צעירים בצפת	2625	שובל זלמן
256	2	מחירי הדירות לזוגות צעירים בצפת	2119	אבוחצירא אהרן
256	2	מחירי הדירות לזוגות צעירים בצפת	2206	בן-פורת מרדכי
257	2	שכר הדירה הנדרש מזוגות צעירים בשכונת כפר-גבירול	2298	הלוי בנימין
257	2	שכר הדירה הנדרש מזוגות צעירים בשכונת כפר-גבירול	2611	רכטמן שמואל
257	2	שכר הדירה הנדרש מזוגות צעירים בשכונת כפר-גבירול	2560	פת גדעון
257	2	שכר הדירה הנדרש מזוגות צעירים בשכונת כפר-גבירול	2363	טובי תופיק
257	2	שכר הדירה הנדרש מזוגות צעירים בשכונת כפר-גבירול	2341	זכאי יחזקאל
258	2	שיעור ההלוואות לבנייה הניתנות לזוגות צעירים ערביים	2560	פת גדעון
258	2	שיעור ההלוואות לבנייה הניתנות לזוגות צעירים ערביים	2363	טובי תופיק
258	2	שיעור ההלוואות לבנייה הניתנות לזוגות צעירים ערביים	2341	זכאי יחזקאל
258	2	שיעור ההלוואות לבנייה הניתנות לזוגות צעירים ערביים	2560	פת גדעון
258	2	שיעור ההלוואות לבנייה הניתנות לזוגות צעירים ערביים	2298	הלוי בנימין
258	2	שיעור ההלוואות לבנייה הניתנות לזוגות צעירים ערביים	2530	פדר נפתלי
258	2	שיעור ההלוואות לבנייה הניתנות לזוגות צעירים ערביים	2363	טובי תופיק
258	2	שיעור ההלוואות לבנייה הניתנות לזוגות צעירים ערביים	2537	פלאטו-שרון שמואל
259	2	"מכירת דירות שנועדו לזוגות צעירים גאילת גשול, החפשי"	2560	פת גדעון
259	2	"מכירת דירות שנועדו לזוגות צעירים גאילת גשול, החפשי"	2530	פדר נפתלי
259	2	"מכירת דירות שנועדו לזוגות צעירים גאילת גשול, החפשי"	2642	שילנסקי דב
259	2	"מכירת דירות שנועדו לזוגות צעירים גאילת גשול, החפשי"	2162	ארבלי-אלמוזלינו שושנה
259	2	"מכירת דירות שנועדו לזוגות צעירים גאילת גשול, החפשי"	2191	ביטון צ'רלי
259	2	"מכירת דירות שנועדו לזוגות צעירים גאילת גשול, החפשי"	2560	פת גדעון
259	2	"מכירת דירות שנועדו לזוגות צעירים גאילת גשול, החפשי"	2675	תמיר יוסף
259	2	"מכירת דירות שנועדו לזוגות צעירים גאילת גשול, החפשי"	2530	פדר נפתלי
260	2	"פתרון בעיות הדיור של זוגות צעירים, עולים חדשים ומפונים"	2537	פלאטו-שרון שמואל
260	2	"פתרון בעיות הדיור של זוגות צעירים, עולים חדשים ומפונים"	2560	פת גדעון
260	2	"פתרון בעיות הדיור של זוגות צעירים, עולים חדשים ומפונים"	2127	אברמוביץ יהודה-מאיר
261	2	פתרונות דיור לזוגות צעירים	2162	ארבלי-אלמוזלינו שושנה
261	2	פתרונות דיור לזוגות צעירים	2525	עמאר משה
261	2	פתרונות דיור לזוגות צעירים	2560	פת גדעון
261	2	פתרונות דיור לזוגות צעירים	2537	פלאטו-שרון שמואל
261	2	פתרונות דיור לזוגות צעירים	2162	ארבלי-אלמוזלינו שושנה
262	2	שיעורי המשכנתאות הניתנות לזוגות צעירים כשאחד מבני-הזוג או שניהם הם עולים	2261	גרוסמן חייקה
262	2	שיעורי המשכנתאות הניתנות לזוגות צעירים כשאחד מבני-הזוג או שניהם הם עולים	2392	כהן גאולה
262	2	שיעורי המשכנתאות הניתנות לזוגות צעירים כשאחד מבני-הזוג או שניהם הם עולים	536	לוי דוד
263	2	הנוהלים להגשת בקשות לדיור בירושלים על-ידי זוגות צעירים	2285	דקל מיכאל
263	2	הנוהלים להגשת בקשות לדיור בירושלים על-ידי זוגות צעירים	2560	פת גדעון
263	2	הנוהלים להגשת בקשות לדיור בירושלים על-ידי זוגות צעירים	2409	כץ אברהם
263	2	הנוהלים להגשת בקשות לדיור בירושלים על-ידי זוגות צעירים	862	קצב משה
263	2	הנוהלים להגשת בקשות לדיור בירושלים על-ידי זוגות צעירים	2560	פת גדעון
263	2	הנוהלים להגשת בקשות לדיור בירושלים על-ידי זוגות צעירים	2187	בורג יוסף
263	2	הנוהלים להגשת בקשות לדיור בירושלים על-ידי זוגות צעירים	2341	זכאי יחזקאל
263	2	הנוהלים להגשת בקשות לדיור בירושלים על-ידי זוגות צעירים	2469	מרון משה
263	2	הנוהלים להגשת בקשות לדיור בירושלים על-ידי זוגות צעירים	2363	טובי תופיק
263	2	הנוהלים להגשת בקשות לדיור בירושלים על-ידי זוגות צעירים	2191	ביטון צ'רלי
264	2	עתודת הדיור לזוגות צעירים	862	קצב משה
264	2	עתודת הדיור לזוגות צעירים	2560	פת גדעון
264	2	עתודת הדיור לזוגות צעירים	2187	בורג יוסף
264	2	עתודת הדיור לזוגות צעירים	2341	זכאי יחזקאל
264	2	עתודת הדיור לזוגות צעירים	2469	מרון משה
264	2	עתודת הדיור לזוגות צעירים	2363	טובי תופיק
264	2	עתודת הדיור לזוגות צעירים	2191	ביטון צ'רלי
265	2	דירות בשכר חדשי לזוגות צעירים	2560	פת גדעון
265	2	דירות בשכר חדשי לזוגות צעירים	2675	תמיר יוסף
265	2	דירות בשכר חדשי לזוגות צעירים	2643	שינמן פנחס
265	2	דירות בשכר חדשי לזוגות צעירים	2364	טולידאנו שמואל
265	2	דירות בשכר חדשי לזוגות צעירים	2191	ביטון צ'רלי
265	2	דירות בשכר חדשי לזוגות צעירים	2537	פלאטו-שרון שמואל
266	2	בנייה ופתרונות דיור לזוגות צעירים	2560	פת גדעון
266	2	בנייה ופתרונות דיור לזוגות צעירים	2675	תמיר יוסף
266	2	בנייה ופתרונות דיור לזוגות צעירים	2643	שינמן פנחס
266	2	בנייה ופתרונות דיור לזוגות צעירים	2364	טולידאנו שמואל
266	2	בנייה ופתרונות דיור לזוגות צעירים	2191	ביטון צ'רלי
266	2	בנייה ופתרונות דיור לזוגות צעירים	2537	פלאטו-שרון שמואל
266	2	בנייה ופתרונות דיור לזוגות צעירים	2560	פת גדעון
266	2	בנייה ופתרונות דיור לזוגות צעירים	2642	שילנסקי דב
267	2	שיכון לזוגות צעירים	2298	הלוי בנימין
267	2	שיכון לזוגות צעירים	2466	מלמד אברהם
267	2	שיכון לזוגות צעירים	861	ברעם עוזי
267	2	שיכון לזוגות צעירים	2357	חריש מיכאל
267	2	שיכון לזוגות צעירים	2162	ארבלי-אלמוזלינו שושנה
267	2	שיכון לזוגות צעירים	2298	הלוי בנימין
267	2	שיכון לזוגות צעירים	2357	חריש מיכאל
267	2	שיכון לזוגות צעירים	2581	קורפו חיים
267	2	שיכון לזוגות צעירים	2152	אמוראי עדיאל
267	2	שיכון לזוגות צעירים	2409	כץ אברהם
267	2	שיכון לזוגות צעירים	536	לוי דוד
267	2	שיכון לזוגות צעירים	2487	נמיר אורה
267	2	שיכון לזוגות צעירים	2202	בן-מאיר יהודה
267	2	שיכון לזוגות צעירים	2298	הלוי בנימין
267	2	שיכון לזוגות צעירים	2543	פלומין יחזקאל
267	2	שיכון לזוגות צעירים	2152	אמוראי עדיאל
267	2	שיכון לזוגות צעירים	536	לוי דוד
267	2	שיכון לזוגות צעירים	2547	פעיל מאיר
267	2	שיכון לזוגות צעירים	2523	עטשי זיידאן
267	2	שיכון לזוגות צעירים	2298	הלוי בנימין
267	2	שיכון לזוגות צעירים	536	לוי דוד
267	2	שיכון לזוגות צעירים	2357	חריש מיכאל
268	2	דיור לזוגות צעירים בירושלים	2367	יגורי אסף
268	2	דיור לזוגות צעירים בירושלים	536	לוי דוד
268	2	דיור לזוגות צעירים בירושלים	2300	המר זבולון
268	2	דיור לזוגות צעירים בירושלים	2643	שינמן פנחס
268	2	דיור לזוגות צעירים בירושלים	2477	נוף עקיבא
268	2	דיור לזוגות צעירים בירושלים	2385	יצחקי יצחק
268	2	דיור לזוגות צעירים בירושלים	2497	סבידור מנחם
269	2	דיור זוגות צעירים ופתרון דיור לשכונות המצוקה	2124	אבנרי אורי
269	2	דיור זוגות צעירים ופתרון דיור לשכונות המצוקה	2300	המר זבולון
269	2	דיור זוגות צעירים ופתרון דיור לשכונות המצוקה	2469	מרון משה
269	2	דיור זוגות צעירים ופתרון דיור לשכונות המצוקה	2413	כץ-עוז אברהם
269	2	דיור זוגות צעירים ופתרון דיור לשכונות המצוקה	2385	יצחקי יצחק
269	2	דיור זוגות צעירים ופתרון דיור לשכונות המצוקה	2667	שריר אברהם
269	2	דיור זוגות צעירים ופתרון דיור לשכונות המצוקה	2162	ארבלי-אלמוזלינו שושנה
269	2	דיור זוגות צעירים ופתרון דיור לשכונות המצוקה	2487	נמיר אורה
270	2	בניית שיכונים לזוגות צעירים ולחיילים משוחררים בפקיעין	482	שרון אריאל
270	2	בניית שיכונים לזוגות צעירים ולחיילים משוחררים בפקיעין	2162	ארבלי-אלמוזלינו שושנה
270	2	בניית שיכונים לזוגות צעירים ולחיילים משוחררים בפקיעין	2261	גרוסמן חייקה
270	2	בניית שיכונים לזוגות צעירים ולחיילים משוחררים בפקיעין	2643	שינמן פנחס
270	2	בניית שיכונים לזוגות צעירים ולחיילים משוחררים בפקיעין	2525	עמאר משה
270	2	בניית שיכונים לזוגות צעירים ולחיילים משוחררים בפקיעין	2547	פעיל מאיר
271	2	הפער החברתי והעדתי ובעיות הדיור של זוגות צעירים	2469	מרון משה
271	2	הפער החברתי והעדתי ובעיות הדיור של זוגות צעירים	2527	עמית מאיר
271	2	הפער החברתי והעדתי ובעיות הדיור של זוגות צעירים	2489	נסים משה
271	2	הפער החברתי והעדתי ובעיות הדיור של זוגות צעירים	2298	הלוי בנימין
271	2	הפער החברתי והעדתי ובעיות הדיור של זוגות צעירים	2191	ביטון צ'רלי
272	2	העברתם של שני זוגות צעירים ממעברה בבאר-יעקב לדיור-קבע	2638	שטרן-קטן שרה
272	2	העברתם של שני זוגות צעירים ממעברה בבאר-יעקב לדיור-קבע	536	לוי דוד
272	2	העברתם של שני זוגות צעירים ממעברה בבאר-יעקב לדיור-קבע	2652	שמיר יצחק
272	2	העברתם של שני זוגות צעירים ממעברה בבאר-יעקב לדיור-קבע	2597	רובין בן-ציון
272	2	העברתם של שני זוגות צעירים ממעברה בבאר-יעקב לדיור-קבע	862	קצב משה
272	2	העברתם של שני זוגות צעירים ממעברה בבאר-יעקב לדיור-קבע	2453	מויאל אליהו
273	2	הכללים למתן סיוע לזוגות צעירים בתשלום שכר רירה	862	קצב משה
273	2	הכללים למתן סיוע לזוגות צעירים בתשלום שכר רירה	536	לוי דוד
273	2	הכללים למתן סיוע לזוגות צעירים בתשלום שכר רירה	2597	רובין בן-ציון
273	2	הכללים למתן סיוע לזוגות צעירים בתשלום שכר רירה	2633	שחל משה
273	2	הכללים למתן סיוע לזוגות צעירים בתשלום שכר רירה	2530	פדר נפתלי
274	2	הכללים למתן סיוע לזוגות צעירים בתשלום שכר דירה	862	קצב משה
274	2	הכללים למתן סיוע לזוגות צעירים בתשלום שכר דירה	536	לוי דוד
274	2	הכללים למתן סיוע לזוגות צעירים בתשלום שכר דירה	2597	רובין בן-ציון
274	2	הכללים למתן סיוע לזוגות צעירים בתשלום שכר דירה	2633	שחל משה
274	2	הכללים למתן סיוע לזוגות צעירים בתשלום שכר דירה	2530	פדר נפתלי
275	2	בניית דירות לזוגות צעירים בקריית-אונו	536	לוי דוד
275	2	בניית דירות לזוגות צעירים בקריית-אונו	2652	שמיר יצחק
275	2	בניית דירות לזוגות צעירים בקריית-אונו	2321	וירשובסקי מרדכי
275	2	בניית דירות לזוגות צעירים בקריית-אונו	2162	ארבלי-אלמוזלינו שושנה
275	2	בניית דירות לזוגות צעירים בקריית-אונו	2180	בדיאן אליקים-גוסטב
275	2	בניית דירות לזוגות צעירים בקריית-אונו	2525	עמאר משה
276	2	בנייה לזוגות צעירים בחיפה	536	לוי דוד
276	2	בנייה לזוגות צעירים בחיפה	2309	הרליץ אסתר
276	2	בנייה לזוגות צעירים בחיפה	2643	שינמן פנחס
276	2	בנייה לזוגות צעירים בחיפה	2162	ארבלי-אלמוזלינו שושנה
276	2	בנייה לזוגות צעירים בחיפה	510	רובינשטיין אמנון
276	2	בנייה לזוגות צעירים בחיפה	2525	עמאר משה
276	2	בנייה לזוגות צעירים בחיפה	2659	שפייזר אליהו
276	2	בנייה לזוגות צעירים בחיפה	2162	ארבלי-אלמוזלינו שושנה
276	2	בנייה לזוגות צעירים בחיפה	536	לוי דוד
276	2	בנייה לזוגות צעירים בחיפה	2364	טולידאנו שמואל
276	2	בנייה לזוגות צעירים בחיפה	2642	שילנסקי דב
276	2	בנייה לזוגות צעירים בחיפה	2487	נמיר אורה
276	2	בנייה לזוגות צעירים בחיפה	2367	יגורי אסף
277	2	העדפה של זוגות צעירים חרדיים בתנאי הרישום לדירות	2659	שפייזר אליהו
277	2	העדפה של זוגות צעירים חרדיים בתנאי הרישום לדירות	536	לוי דוד
277	2	העדפה של זוגות צעירים חרדיים בתנאי הרישום לדירות	2261	גרוסמן חייקה
277	2	העדפה של זוגות צעירים חרדיים בתנאי הרישום לדירות	2642	שילנסקי דב
278	2	העדפה של זוגות צעירים דתיים בתנאי הרשמה לדירות	2659	שפייזר אליהו
278	2	העדפה של זוגות צעירים דתיים בתנאי הרשמה לדירות	536	לוי דוד
278	2	העדפה של זוגות צעירים דתיים בתנאי הרשמה לדירות	2261	גרוסמן חייקה
278	2	העדפה של זוגות צעירים דתיים בתנאי הרשמה לדירות	2642	שילנסקי דב
281	2	מצוקת הדיור של זוגות צעירים בקריית-שמונה	2222	ברמן יצחק
281	2	מצוקת הדיור של זוגות צעירים בקריית-שמונה	2124	אבנרי אורי
281	2	מצוקת הדיור של זוגות צעירים בקריית-שמונה	2642	שילנסקי דב
281	2	מצוקת הדיור של זוגות צעירים בקריית-שמונה	536	לוי דוד
281	2	מצוקת הדיור של זוגות צעירים בקריית-שמונה	2180	בדיאן אליקים-גוסטב
282	2	מצוקת הדיור של זוגות צעירים	536	לוי דוד
282	2	מצוקת הדיור של זוגות צעירים	2599	רוזוליו דניאל
282	2	מצוקת הדיור של זוגות צעירים	2162	ארבלי-אלמוזלינו שושנה
282	2	מצוקת הדיור של זוגות צעירים	2222	ברמן יצחק
282	2	מצוקת הדיור של זוגות צעירים	536	לוי דוד
282	2	מצוקת הדיור של זוגות צעירים	2659	שפייזר אליהו
282	2	מצוקת הדיור של זוגות צעירים	2162	ארבלי-אלמוזלינו שושנה
283	2	הטיפול במצוקת הדיור של זוגות צעירים	2309	הרליץ אסתר
283	2	הטיפול במצוקת הדיור של זוגות צעירים	536	לוי דוד
283	2	הטיפול במצוקת הדיור של זוגות צעירים	2162	ארבלי-אלמוזלינו שושנה
283	2	הטיפול במצוקת הדיור של זוגות צעירים	2222	ברמן יצחק
283	2	הטיפול במצוקת הדיור של זוגות צעירים	2392	כהן גאולה
284	2	דיור לזוגות צעירים בראש-העין	536	לוי דוד
284	2	דיור לזוגות צעירים בראש-העין	2469	מרון משה
284	2	דיור לזוגות צעירים בראש-העין	510	רובינשטיין אמנון
284	2	דיור לזוגות צעירים בראש-העין	2603	רון אמרי
284	2	דיור לזוגות צעירים בראש-העין	2537	פלאטו-שרון שמואל
284	2	דיור לזוגות צעירים בראש-העין	862	קצב משה
285	2	זכויות עולים לחיילים משוחררים ולזוגות צעירים	2168	ארידור יורם
285	2	זכויות עולים לחיילים משוחררים ולזוגות צעירים	2392	כהן גאולה
285	2	זכויות עולים לחיילים משוחררים ולזוגות צעירים	2525	עמאר משה
285	2	זכויות עולים לחיילים משוחררים ולזוגות צעירים	2162	ארבלי-אלמוזלינו שושנה
285	2	זכויות עולים לחיילים משוחררים ולזוגות צעירים	2653	שמיר משה
286	2	בנייה לזוגות צעירים בכפר חורפיש בגליל העליון	2392	כהן גאולה
286	2	בנייה לזוגות צעירים בכפר חורפיש בגליל העליון	2222	ברמן יצחק
286	2	בנייה לזוגות צעירים בכפר חורפיש בגליל העליון	2675	תמיר יוסף
286	2	בנייה לזוגות צעירים בכפר חורפיש בגליל העליון	536	לוי דוד
286	2	בנייה לזוגות צעירים בכפר חורפיש בגליל העליון	2537	פלאטו-שרון שמואל
286	2	בנייה לזוגות צעירים בכפר חורפיש בגליל העליון	2162	ארבלי-אלמוזלינו שושנה
